{
  "version": 1,
  "author": "Zurround Z",
  "editor": "wokwi",
  "parts": [
    { "type": "wokwi-arduino-uno", "id": "uno", "top": -76.2, "left": -259.8, "attrs": {} },
    {
      "type": "board-ssd1306",
      "id": "oled1",
      "top": 156.74,
      "left": 134.63,
      "attrs": { "i2cAddress": "0x3c" }
    }
  ],
  "connections": [
    [ "uno:GND.3", "oled1:GND", "black", [ "v0" ] ],
    [ "uno:VIN", "oled1:VCC", "red", [ "h4.1", "v-86.5", "h191.85" ] ],
    [ "uno:A5", "oled1:SCL", "green", [ "v-105.7", "h138.4" ] ],
    [ "uno:A4", "oled1:SDA", "cyan", [ "v-115.3", "h157.73" ] ]
  ],
  "dependencies": {}
}